agency,dataset_title,parent_alias_id,alias_id,alias,alias_type,prefilter
NASA,Aqua/AIRS L3 Daily Standard Physical Retrieval (AIRS+AMSU) 1 degree x 1 degree,290,290,Aqua/AIRS L3 Daily Standard Physical Retrieval (AIRS+AMSU) 1 degree x 1 degree,main,
NASA,Aqua/AIRS L3 Daily Standard Physical Retrieval (AIRS+AMSU) 1 degree x 1 degree,290,302,AIRX3STD,acronym,
NASA,Aqua/AIRS L3 Daily Standard Physical Retrieval (AIRS+AMSU) 1 degree x 1 degree,290,303,AIRS/Aqua Standard Physical Retrieval (AIRS+AMSU) Daily Level 3,alias,
NASA,Aqua/AIRS L3 Daily Standard Physical Retrieval (AIRS+AMSU) 1 degree x 1 degree,290,304,AIRS/Aqua Standard Physical Retrieval (AIRS+AMSU) Daily L3,alias,
NASA,Aqua/AIRS L3 Daily Standard Physical Retrieval (AIRS+AMSU) 1 degree x 1 degree,290,305,AIRS/Aqua Standard Physical Retrieval (AIRS+AMSU) Level 3 Daily,alias,
NASA,Aqua/AIRS L3 Daily Standard Physical Retrieval (AIRS+AMSU) 1 degree x 1 degree,290,306,AIRS/Aqua Standard Physical Retrieval (AIRS+AMSU) L3 Daily,alias,
NASA,Aqua/AIRS L3 Daily Standard Physical Retrieval (AIRS+AMSU) 1 degree x 1 degree,290,307,AMSU+AIRS/Aqua Level 3 Daily Standard Physical Retrieval,alias,
NASA,Aqua/AIRS L3 Daily Standard Physical Retrieval (AIRS+AMSU) 1 degree x 1 degree,290,308,Aqua/AIRS L3 Daily Standard Physical Retrieval (AIRS+AMSU),alias,
NASA,Aqua/AIRS L3 Daily Standard Physical Retrieval (AIRS+AMSU) 1 degree x 1 degree,290,309,AIRS+AMSU/Aqua Level 3 Daily Standard Physical Retrieval,alias,
NASA,Aqua/AIRS L3 Daily Standard Physical Retrieval (AIRS+AMSU) 1 degree x 1 degree,290,310,AIRS+AMSU/Aqua L3 Daily Standard Physical Retrieval,alias,
NASA,Aqua/AIRS L3 Daily Standard Physical Retrieval (AIRS+AMSU) 1 degree x 1 degree,290,311,AIRS/Aqua Level 3 Daily Standard Physical Retrieval (AIRS+AMSU),alias,
NASA,Aqua/AIRS L3 Daily Standard Physical Retrieval (AIRS+AMSU) 1 degree x 1 degree,290,312,AIRS/Aqua L3 Daily Standard Physical Retrieval (AIRS+AMSU),alias,
NASA,Aqua/AIRS L3 Daily Standard Physical Retrieval (AIRS+AMSU) 1 degree x 1 degree,290,313,Aqua/AIRS Level 3 Daily Standard Physical Retrieval (AIRS+AMSU),alias,
NASA,Aqua/AIRS L3 Daily Standard Physical Retrieval (AIRS+AMSU) 1 degree x 1 degree,290,314,Aqua/AIRS Standard Physical Retrieval (AIRS+AMSU) L3 Daily,alias,
NASA,Aqua/AIRS L3 Daily Standard Physical Retrieval (AIRS+AMSU) 1 degree x 1 degree,290,315,Aqua/AIRS Standard Physical Retrieval (AIRS+AMSU) Daily Level 3,alias,
NASA,Aqua/AIRS L3 Daily Standard Physical Retrieval (AIRS+AMSU) 1 degree x 1 degree,290,316,Aqua/AIRS Standard Physical Retrieval (AIRS+AMSU) Daily L3,alias,
NASA,Aqua/AIRS L3 Daily Standard Physical Retrieval (AIRS+AMSU) 1 degree x 1 degree,290,317,Aqua/AIRS Standard Physical Retrieval (AIRS+AMSU) Level 3 Daily,alias,
NASA,Aqua/AIRS L3 Daily Standard Physical Retrieval (AIRS+AMSU) 1 degree x 1 degree,290,318,AMSU+AIRS/Aqua L3 Daily Standard Physical Retrieval,alias,
NASA,Aqua/AIRS L3 Daily Standard Physical Retrieval (AIRS+AMSU) 1 degree x 1 degree,290,319,Aqua/AIRS+AMSU Level 3 Daily Standard Physical Retrieval,alias,
NASA,Aqua/AIRS L3 Daily Standard Physical Retrieval (AIRS+AMSU) 1 degree x 1 degree,290,320,Aqua/AIRS+AMSU L3 Daily Standard Physical Retrieval,alias,
NASA,Aqua/AIRS L3 Daily Standard Physical Retrieval (AIRS+AMSU) 1 degree x 1 degree,290,476,10.5067/8XB4RU470FJV,doi,
NASA,Aqua/AIRS L3 Daily Standard Physical Retrieval (AIRS+AMSU) 1 degree x 1 degree,290,477,10.5067/AQUA/AIRS/DATA301,doi,
NASA,Aqua/AIRS L3 Daily Standard Physical Retrieval (AIRS-only) 1 degree x 1 degree,291,291,Aqua/AIRS L3 Daily Standard Physical Retrieval (AIRS-only) 1 degree x 1 degree,main,
NASA,Aqua/AIRS L3 Daily Standard Physical Retrieval (AIRS-only) 1 degree x 1 degree,291,321,Aqua/AIRS Standard Physical Retrieval (AIRS-only) Daily Level 3,alias,
NASA,Aqua/AIRS L3 Daily Standard Physical Retrieval (AIRS-only) 1 degree x 1 degree,291,322,AIRS/Aqua Standard Physical Retrieval (AIRS-only) L3 Daily,alias,
NASA,Aqua/AIRS L3 Daily Standard Physical Retrieval (AIRS-only) 1 degree x 1 degree,291,323,AIRS/Aqua Standard Physical Retrieval (AIRS-only) Level 3 Daily,alias,
NASA,Aqua/AIRS L3 Daily Standard Physical Retrieval (AIRS-only) 1 degree x 1 degree,291,324,AIRS/Aqua Standard Physical Retrieval (AIRS-only) Daily Level 3,alias,
NASA,Aqua/AIRS L3 Daily Standard Physical Retrieval (AIRS-only) 1 degree x 1 degree,291,325,Aqua/AIRS Standard Physical Retrieval (AIRS-only) Daily L3,alias,
NASA,Aqua/AIRS L3 Daily Standard Physical Retrieval (AIRS-only) 1 degree x 1 degree,291,326,AIRS/Aqua Standard Physical Retrieval (AIRS-only) Daily L3,alias,
NASA,Aqua/AIRS L3 Daily Standard Physical Retrieval (AIRS-only) 1 degree x 1 degree,291,327,AIRS/Aqua L3 Daily Standard Physical Retrieval (AIRS-only),alias,
NASA,Aqua/AIRS L3 Daily Standard Physical Retrieval (AIRS-only) 1 degree x 1 degree,291,328,Aqua/AIRS Level 3 Daily Standard Physical Retrieval (AIRS-only),alias,
NASA,Aqua/AIRS L3 Daily Standard Physical Retrieval (AIRS-only) 1 degree x 1 degree,291,329,Aqua/AIRS Standard Physical Retrieval (AIRS-only) L3 Daily,alias,
NASA,Aqua/AIRS L3 Daily Standard Physical Retrieval (AIRS-only) 1 degree x 1 degree,291,330,AIRS3STD,acronym,
NASA,Aqua/AIRS L3 Daily Standard Physical Retrieval (AIRS-only) 1 degree x 1 degree,291,331,Aqua/AIRS L3 Daily Standard Physical Retrieval (AIRS-only),alias,
NASA,Aqua/AIRS L3 Daily Standard Physical Retrieval (AIRS-only) 1 degree x 1 degree,291,332,Aqua/AIRS Standard Physical Retrieval (AIRS-only) Level 3 Daily,alias,
NASA,Aqua/AIRS L3 Daily Standard Physical Retrieval (AIRS-only) 1 degree x 1 degree,291,333,Aqua/AIRS-only L3 Daily Standard Physical Retrieval,alias,
NASA,Aqua/AIRS L3 Daily Standard Physical Retrieval (AIRS-only) 1 degree x 1 degree,291,334,Aqua/AIRS-only Level 3 Daily Standard Physical Retrieval,alias,
NASA,Aqua/AIRS L3 Daily Standard Physical Retrieval (AIRS-only) 1 degree x 1 degree,291,335,AIRS-only/Aqua Level 3 Daily Standard Physical Retrieval,alias,
NASA,Aqua/AIRS L3 Daily Standard Physical Retrieval (AIRS-only) 1 degree x 1 degree,291,336,AIRS-only/Aqua L3 Daily Standard Physical Retrieval,alias,
NASA,Aqua/AIRS L3 Daily Standard Physical Retrieval (AIRS-only) 1 degree x 1 degree,291,337,AIRS/Aqua Level 3 Daily Standard Physical Retrieval (AIRS-only),alias,
NASA,Aqua/AIRS L3 Daily Standard Physical Retrieval (AIRS-only) 1 degree x 1 degree,291,478,10.5067/AQUA/AIRS/DATA303,doi,
NASA,Aqua/AIRS L3 Daily Standard Physical Retrieval (AIRS-only) 1 degree x 1 degree,291,479,10.5067/UO3Q64CTTS1U,doi,
NASA,TRMM (TMPA/3B43) Rainfall Estimate L3 1 month 0.25 degree x 0.25 degree,292,292,TRMM (TMPA/3B43) Rainfall Estimate L3 1 month 0.25 degree x 0.25 degree,main,
NASA,TRMM (TMPA/3B43) Rainfall Estimate L3 1 month 0.25 degree x 0.25 degree,292,338,TRMM_3B43,acronym,
NASA,TRMM (TMPA/3B43) Rainfall Estimate L3 1 month 0.25 degree x 0.25 degree,292,339,TRMM 3B43,alias,
NASA,TRMM (TMPA/3B43) Rainfall Estimate L3 1 month 0.25 degree x 0.25 degree,292,340,TMPA 3B43,alias,
NASA,TRMM (TMPA/3B43) Rainfall Estimate L3 1 month 0.25 degree x 0.25 degree,292,341,TRMM (TMPA/3B43) Rainfall Estimate L3 1 month ,alias,
NASA,TRMM (TMPA/3B43) Rainfall Estimate L3 1 month 0.25 degree x 0.25 degree,292,342,TRMM (TMPA/3B43) Rainfall Estimate Level 3 1 month ,alias,
NASA,TRMM (TMPA/3B43) Rainfall Estimate L3 1 month 0.25 degree x 0.25 degree,292,480,10.5067/TRMM/TMPA/MONTH/7,doi,
NASA,TRMM (TMPA) Precipitation L3 1 day 0.25 degree x 0.25 degree,293,293,TRMM (TMPA) Precipitation L3 1 day 0.25 degree x 0.25 degree,main,
NASA,TRMM (TMPA) Precipitation L3 1 day 0.25 degree x 0.25 degree,293,343,TRMM_3B42_Daily,acronym,
NASA,TRMM (TMPA) Precipitation L3 1 day 0.25 degree x 0.25 degree,293,344,TRMM (TMPA) Precipitation L3 1 day,alias,
NASA,TRMM (TMPA) Precipitation L3 1 day 0.25 degree x 0.25 degree,293,345,TMPA 3B42 daily,alias,
NASA,TRMM (TMPA) Precipitation L3 1 day 0.25 degree x 0.25 degree,293,346,TRMM 3B42 daily,alias,
NASA,TRMM (TMPA) Precipitation L3 1 day 0.25 degree x 0.25 degree,293,347,TRMM (TMPA) Precipitation Level 3 1 day ,alias,
NASA,TRMM (TMPA) Precipitation L3 1 day 0.25 degree x 0.25 degree,293,481,10.5067/TRMM/TMPA/DAY/7,doi,
NASA,GPM IMERG Final Precipitation L3 1 month 0.1 degree x 0.1 degree,294,294,GPM IMERG Final Precipitation L3 1 month 0.1 degree x 0.1 degree,main,
NASA,GPM IMERG Final Precipitation L3 1 month 0.1 degree x 0.1 degree,294,348,GPM IMERG L3 monthly Final run,alias,
NASA,GPM IMERG Final Precipitation L3 1 month 0.1 degree x 0.1 degree,294,349,GPM IMERG Precipitation L3 1 month Final run,alias,
NASA,GPM IMERG Final Precipitation L3 1 month 0.1 degree x 0.1 degree,294,350,GPM IMERG Precipitation L3 monthly Final run,alias,
NASA,GPM IMERG Final Precipitation L3 1 month 0.1 degree x 0.1 degree,294,351,GPM IMERG Precipitation Level 3 1 month Final run,alias,
NASA,GPM IMERG Final Precipitation L3 1 month 0.1 degree x 0.1 degree,294,352,GPM IMERG Final Precipitation L3 monthly,alias,
NASA,GPM IMERG Final Precipitation L3 1 month 0.1 degree x 0.1 degree,294,353,GPM IMERG  Precipitation Level 3 monthly Final run,alias,
NASA,GPM IMERG Final Precipitation L3 1 month 0.1 degree x 0.1 degree,294,354,GPM IMERG Final Precipitation Level 3 monthly,alias,
NASA,GPM IMERG Final Precipitation L3 1 month 0.1 degree x 0.1 degree,294,355,GPM IMERG Final Precipitation L3 1 month,alias,
NASA,GPM IMERG Final Precipitation L3 1 month 0.1 degree x 0.1 degree,294,356,GPM_3IMERGM,acronym,
NASA,GPM IMERG Final Precipitation L3 1 month 0.1 degree x 0.1 degree,294,357,GPM IMERG Final Precipitation Level 3 1 month,alias,
NASA,GPM IMERG Final Precipitation L3 1 month 0.1 degree x 0.1 degree,294,358,GPM IMERG Level 3 monthly Final run,alias,
NASA,GPM IMERG Final Precipitation L3 1 month 0.1 degree x 0.1 degree,294,482,10.5067/GPM/IMERG/3B-MONTH/04,doi,
NASA,GPM IMERG Final Precipitation L3 1 month 0.1 degree x 0.1 degree,294,483,10.5067/GPM/IMERG/3B-MONTH/05,doi,
NASA,GPM IMERG Final Precipitation L3 1 month 0.1 degree x 0.1 degree,294,484,10.5067/GPM/IMERG/3B-MONTH/06,doi,
NASA,GPM IMERG Final Precipitation L3 1 month 0.1 degree x 0.1 degree,294,485,10.5067/GPM/IMERG/MONTH/3B,doi,
NASA,GPM IMERG Final Precipitation L3 1 month 0.1 degree x 0.1 degree,294,486,10.5067/GPM/IMERGM/MONTH/04,doi,
NASA,GPM IMERG Final Precipitation L3 Half Hourly 0.1 degree x 0.1 degree,295,295,GPM IMERG Final Precipitation L3 Half Hourly 0.1 degree x 0.1 degree,main,
NASA,GPM IMERG Final Precipitation L3 Half Hourly 0.1 degree x 0.1 degree,295,359,GPM IMERG Final Precipitation Half Hourly Level 3,alias,
NASA,GPM IMERG Final Precipitation L3 Half Hourly 0.1 degree x 0.1 degree,295,360,GPM IMERG Final Precipitation Half Hourly L3,alias,
NASA,GPM IMERG Final Precipitation L3 Half Hourly 0.1 degree x 0.1 degree,295,361,GPM_3IMERGHH,acronym,
NASA,GPM IMERG Final Precipitation L3 Half Hourly 0.1 degree x 0.1 degree,295,362,GPM IMERG Final Precipitation Level 3 Half Hourly,alias,
NASA,GPM IMERG Final Precipitation L3 Half Hourly 0.1 degree x 0.1 degree,295,363,GPM IMERG Half Hourly Level 3 Final Precipitation ,alias,
NASA,GPM IMERG Final Precipitation L3 Half Hourly 0.1 degree x 0.1 degree,295,364,GPM IMERG Half Hourly L3 Final Precipitation ,alias,
NASA,GPM IMERG Final Precipitation L3 Half Hourly 0.1 degree x 0.1 degree,295,365,GPM IMERG Final Precipitation L3 Half Hourly,alias,
NASA,GPM IMERG Final Precipitation L3 Half Hourly 0.1 degree x 0.1 degree,295,487,10.5067/GPM/IMERG/3B-HH/04,doi,
NASA,GPM IMERG Final Precipitation L3 Half Hourly 0.1 degree x 0.1 degree,295,488,10.5067/GPM/IMERG/3B-HH/05,doi,
NASA,GPM IMERG Final Precipitation L3 Half Hourly 0.1 degree x 0.1 degree,295,489,10.5067/GPM/IMERG/3B-HH/06,doi,
NASA,GPM IMERG Final Precipitation L3 Half Hourly 0.1 degree x 0.1 degree,295,490,10.5067/GPM/IMERG/HH/3B,doi,
NASA,GPM IMERG Final Precipitation L3 Half Hourly 0.1 degree x 0.1 degree,295,491,10.5067/GPM/IMERGHH/HH/04,doi,
NASA,GLDAS Noah Land Surface Model L4 monthly 0.25 x 0.25 degree,296,296,GLDAS Noah Land Surface Model L4 monthly 0.25 x 0.25 degree,main,
NASA,GLDAS Noah Land Surface Model L4 monthly 0.25 x 0.25 degree,296,366,GLDAS Noah Land Surface Model monthly Level 4  0.25 deg x 0.25 deg,alias,
NASA,GLDAS Noah Land Surface Model L4 monthly 0.25 x 0.25 degree,296,367,GLDAS Noah monthly LSM L4  0.25 deg x 0.25 deg,alias,
NASA,GLDAS Noah Land Surface Model L4 monthly 0.25 x 0.25 degree,296,368,GLDAS Noah monthly LSM L4  0.25 degree x 0.25 degree,alias,
NASA,GLDAS Noah Land Surface Model L4 monthly 0.25 x 0.25 degree,296,369,GLDAS Noah LSM Level 4 monthly 0.25 deg x 0.25 deg,alias,
NASA,GLDAS Noah Land Surface Model L4 monthly 0.25 x 0.25 degree,296,370,GLDAS Noah LSM Level 4 monthly 0.25 degree x 0.25 degree,alias,
NASA,GLDAS Noah Land Surface Model L4 monthly 0.25 x 0.25 degree,296,371,GLDAS Noah LSM L4 monthly 0.25 degree x 0.25 degree,alias,
NASA,GLDAS Noah Land Surface Model L4 monthly 0.25 x 0.25 degree,296,372,GLDAS Noah Land Surface Model L4 monthly 0.25 degree x 0.25 degree,alias,
NASA,GLDAS Noah Land Surface Model L4 monthly 0.25 x 0.25 degree,296,373,GLDAS Noah Land Surface Model L4 monthly 0.25 x 0.25 ,alias,
NASA,GLDAS Noah Land Surface Model L4 monthly 0.25 x 0.25 degree,296,374,GLDAS Noah Land Surface Model Level 4 monthly 0.25 degree x 0.25 degree,alias,
NASA,GLDAS Noah Land Surface Model L4 monthly 0.25 x 0.25 degree,296,375,GLDAS Noah LSM L4 monthly 0.25 x 0.25,alias,
NASA,GLDAS Noah Land Surface Model L4 monthly 0.25 x 0.25 degree,296,376,GLDAS Noah Land Surface Model Level 4 monthly 0.25 x 0.25,alias,
NASA,GLDAS Noah Land Surface Model L4 monthly 0.25 x 0.25 degree,296,377,GLDAS Noah Land Surface Model monthly L4 0.25 x 0.25,alias,
NASA,GLDAS Noah Land Surface Model L4 monthly 0.25 x 0.25 degree,296,378,GLDAS Noah Land Surface Model monthly Level 4  0.25 x 0.25,alias,
NASA,GLDAS Noah Land Surface Model L4 monthly 0.25 x 0.25 degree,296,379,GLDAS Noah Land Surface Model monthly L4 0.25 deg x 0.25 deg,alias,
NASA,GLDAS Noah Land Surface Model L4 monthly 0.25 x 0.25 degree,296,380,GLDAS Noah LSM Level 4 monthly 0.25 x 0.25,alias,
NASA,GLDAS Noah Land Surface Model L4 monthly 0.25 x 0.25 degree,296,381,GLDAS Noah monthly LSM L4  0.25 x 0.25,alias,
NASA,GLDAS Noah Land Surface Model L4 monthly 0.25 x 0.25 degree,296,382,GLDAS Noah Land Surface Model monthly Level 4  0.25 degree x 0.25 degree,alias,
NASA,GLDAS Noah Land Surface Model L4 monthly 0.25 x 0.25 degree,296,383,GLDAS Noah LSM L4 monthly 0.25 deg x 0.25 deg,alias,
NASA,GLDAS Noah Land Surface Model L4 monthly 0.25 x 0.25 degree,296,384,GLDAS Noah Land Surface Model Level 4 monthly 0.25 deg x 0.25 deg,alias,
NASA,GLDAS Noah Land Surface Model L4 monthly 0.25 x 0.25 degree,296,385,GLDAS Noah Land Surface Model monthly L4 0.25 degree x 0.25 degree,alias,
NASA,GLDAS Noah Land Surface Model L4 monthly 0.25 x 0.25 degree,296,386,GLDAS_NOAH025_M,acronym,
NASA,GLDAS Noah Land Surface Model L4 monthly 0.25 x 0.25 degree,296,387,GLDAS Noah Land Surface Model L4 monthly 0.25 deg x 0.25 deg,alias,
NASA,GLDAS Noah Land Surface Model L4 monthly 0.25 x 0.25 degree,296,492,10.5067/7NP2052IA62C,doi,
NASA,GLDAS Noah Land Surface Model L4 monthly 0.25 x 0.25 degree,296,493,10.5067/9SQ1B3ZXP2C5,doi,
NASA,GLDAS Noah Land Surface Model L4 monthly 0.25 x 0.25 degree,296,494,10.5067/SXAVCZFAQLNO,doi,
NASA,GLDAS Noah Land Surface Model L4 3 hourly 0.25 x 0.25 degree,297,297,GLDAS Noah Land Surface Model L4 3 hourly 0.25 x 0.25 degree,main,
NASA,GLDAS Noah Land Surface Model L4 3 hourly 0.25 x 0.25 degree,297,388,GLDAS Noah 3 hourly LSM L4  0.25 deg x 0.25 deg,alias,
NASA,GLDAS Noah Land Surface Model L4 3 hourly 0.25 x 0.25 degree,297,389,GLDAS Noah LSM L4 3 hourly 0.25 deg x 0.25 deg,alias,
NASA,GLDAS Noah Land Surface Model L4 3 hourly 0.25 x 0.25 degree,297,390,GLDAS Noah LSM Level 4 3 hourly 0.25 degree x 0.25 degree,alias,
NASA,GLDAS Noah Land Surface Model L4 3 hourly 0.25 x 0.25 degree,297,391,GLDAS Noah LSM Level 4 3 hourly 0.25 deg x 0.25 deg,alias,
NASA,GLDAS Noah Land Surface Model L4 3 hourly 0.25 x 0.25 degree,297,392,GLDAS Noah 3 hourly LSM L4  0.25 degree x 0.25 degree,alias,
NASA,GLDAS Noah Land Surface Model L4 3 hourly 0.25 x 0.25 degree,297,393,GLDAS Noah 3 hourly LSM Level 4  0.25 x 0.25,alias,
NASA,GLDAS Noah Land Surface Model L4 3 hourly 0.25 x 0.25 degree,297,394,GLDAS_NOAH025_3H,acronym,
NASA,GLDAS Noah Land Surface Model L4 3 hourly 0.25 x 0.25 degree,297,395,GLDAS Noah Land Surface Model L4 3 hourly 0.25 degree x 0.25 degree,alias,
NASA,GLDAS Noah Land Surface Model L4 3 hourly 0.25 x 0.25 degree,297,396,GLDAS Noah Land Surface Model Level 4 3 hourly 0.25 deg x 0.25 deg,alias,
NASA,GLDAS Noah Land Surface Model L4 3 hourly 0.25 x 0.25 degree,297,397,GLDAS Noah Land Surface Model Level 4 3 hourly 0.25 degree x 0.25 degree,alias,
NASA,GLDAS Noah Land Surface Model L4 3 hourly 0.25 x 0.25 degree,297,398,GLDAS Noah Land Surface Model 3 hourly L4 0.25 degree x 0.25 degree,alias,
NASA,GLDAS Noah Land Surface Model L4 3 hourly 0.25 x 0.25 degree,297,399,GLDAS Noah Land Surface Model 3 hourly Level 4  0.25 degree x 0.25 degree,alias,
NASA,GLDAS Noah Land Surface Model L4 3 hourly 0.25 x 0.25 degree,297,400,GLDAS Noah Land Surface Model 3 hourly Level 4  0.25 deg x 0.25 deg,alias,
NASA,GLDAS Noah Land Surface Model L4 3 hourly 0.25 x 0.25 degree,297,401,GLDAS Noah 3 hourly LSM L4  0.25 x 0.25,alias,
NASA,GLDAS Noah Land Surface Model L4 3 hourly 0.25 x 0.25 degree,297,402,GLDAS Noah Land Surface Model 3 hourly 0.25 deg x 0.25 deg,alias,
NASA,GLDAS Noah Land Surface Model L4 3 hourly 0.25 x 0.25 degree,297,403,GLDAS Noah Land Surface Model 3 hourly 0.25 x 0.25,alias,
NASA,GLDAS Noah Land Surface Model L4 3 hourly 0.25 x 0.25 degree,297,404,GLDAS Noah LSM 3 hourly 0.25 x 0.25,alias,
NASA,GLDAS Noah Land Surface Model L4 3 hourly 0.25 x 0.25 degree,297,405,GLDAS Noah LSM 0.25 x 0.25 deg 3 hourly ,alias,
NASA,GLDAS Noah Land Surface Model L4 3 hourly 0.25 x 0.25 degree,297,406,GLDAS Noah LSM 0.25 deg x 0.25 deg 3 hourly ,alias,
NASA,GLDAS Noah Land Surface Model L4 3 hourly 0.25 x 0.25 degree,297,407,GLDAS Noah Land Surface Model Level 4 3 hourly 0.25 x 0.25,alias,
NASA,GLDAS Noah Land Surface Model L4 3 hourly 0.25 x 0.25 degree,297,408,GLDAS Noah Land Surface Model 3 hourly L4 0.25 x 0.25,alias,
NASA,GLDAS Noah Land Surface Model L4 3 hourly 0.25 x 0.25 degree,297,409,GLDAS Noah Land Surface Model 3 hourly L4 0.25 deg x 0.25 deg,alias,
NASA,GLDAS Noah Land Surface Model L4 3 hourly 0.25 x 0.25 degree,297,410,GLDAS Noah Land Surface Model 3 hourly L4  0.25 degree x 0.25 degree,alias,
NASA,GLDAS Noah Land Surface Model L4 3 hourly 0.25 x 0.25 degree,297,411,GLDAS Noah LSM L4 3 hourly 0.25 x 0.25,alias,
NASA,GLDAS Noah Land Surface Model L4 3 hourly 0.25 x 0.25 degree,297,412,GLDAS Noah LSM Level 4 3 hourly 0.25 x 0.25,alias,
NASA,GLDAS Noah Land Surface Model L4 3 hourly 0.25 x 0.25 degree,297,413,GLDAS Noah LSM L4 3 hourly 0.25 degree x 0.25 degree,alias,
NASA,GLDAS Noah Land Surface Model L4 3 hourly 0.25 x 0.25 degree,297,414,GLDAS Noah 3 hourly LSM Level 4  0.25 degree x 0.25 degree,alias,
NASA,GLDAS Noah Land Surface Model L4 3 hourly 0.25 x 0.25 degree,297,415,GLDAS Noah Land Surface Model 3 hourly L4  0.25 deg x 0.25 deg,alias,
NASA,GLDAS Noah Land Surface Model L4 3 hourly 0.25 x 0.25 degree,297,416,GLDAS Noah Land Surface Model 3 hourly Level 4  0.25 x 0.25,alias,
NASA,GLDAS Noah Land Surface Model L4 3 hourly 0.25 x 0.25 degree,297,417,GLDAS Noah Land Surface Model 3 hourly L4  0.25 x 0.25,alias,
NASA,GLDAS Noah Land Surface Model L4 3 hourly 0.25 x 0.25 degree,297,418,GLDAS Noah Land Surface Model L4 3 hourly 0.25 deg x 0.25 deg,alias,
NASA,GLDAS Noah Land Surface Model L4 3 hourly 0.25 x 0.25 degree,297,419,GLDAS Noah LSM 0.25 x 0.25 3 hourly ,alias,
NASA,GLDAS Noah Land Surface Model L4 3 hourly 0.25 x 0.25 degree,297,420,GLDAS Noah 3 hourly LSM Level 4  0.25 deg x 0.25 deg,alias,
NASA,GLDAS Noah Land Surface Model L4 3 hourly 0.25 x 0.25 degree,297,421,GLDAS Noah Land Surface Model 3 hourly 0.25 degree x 0.25 degree,alias,
NASA,GLDAS Noah Land Surface Model L4 3 hourly 0.25 x 0.25 degree,297,422,GLDAS Noah LSM 3 hourly 0.25 degree x 0.25 degree,alias,
NASA,GLDAS Noah Land Surface Model L4 3 hourly 0.25 x 0.25 degree,297,423,GLDAS Noah LSM 3 hourly 0.25 deg x 0.25 deg,alias,
NASA,GLDAS Noah Land Surface Model L4 3 hourly 0.25 x 0.25 degree,297,424,GLDAS Noah LSM 0.25 degree x 0.25 degree 3 hourly ,alias,
NASA,GLDAS Noah Land Surface Model L4 3 hourly 0.25 x 0.25 degree,297,495,10.5067/342OHQM9AK6Q,doi,
NASA,GLDAS Noah Land Surface Model L4 3 hourly 0.25 x 0.25 degree,297,496,10.5067/E7TYRXPJKWOQ,doi,
NASA,GLDAS Noah Land Surface Model L4 3 hourly 0.25 x 0.25 degree,297,497,10.5067/F4KOLPJZHKOT,doi,
NASA,"MERRA-2 tavg1_2d_slv_Nx: 2d,1-Hourly,Time-Averaged,Single-Level,Assimilation,Single-Level Diagnostics",298,298,"MERRA-2 tavg1_2d_slv_Nx: 2d,1-Hourly,Time-Averaged,Single-Level,Assimilation,Single-Level Diagnostics",main,
NASA,"MERRA-2 tavg1_2d_slv_Nx: 2d,1-Hourly,Time-Averaged,Single-Level,Assimilation,Single-Level Diagnostics",298,425,"M2T1NXSLV, tavg1_2d_slv_Nx",acronym,
NASA,"MERRA-2 tavg1_2d_slv_Nx: 2d,1-Hourly,Time-Averaged,Single-Level,Assimilation,Single-Level Diagnostics",298,426,tavg1_2d_slv_Nx,alias,
NASA,"MERRA-2 tavg1_2d_slv_Nx: 2d,1-Hourly,Time-Averaged,Single-Level,Assimilation,Single-Level Diagnostics",298,427,M2T1NXSLV,alias,
NASA,"MERRA-2 tavg1_2d_slv_Nx: 2d,1-Hourly,Time-Averaged,Single-Level,Assimilation,Single-Level Diagnostics",298,498,10.5067/VJAFPLI1CSIV,doi,
NASA,"MERRA-2 inst3_3d_asm_Np: 3d,3-Hourly,Instantaneous,Pressure-Level,Assimilation,Assimilated Meteorological Fields",299,299,"MERRA-2 inst3_3d_asm_Np: 3d,3-Hourly,Instantaneous,Pressure-Level,Assimilation,Assimilated Meteorological Fields",main,
NASA,"MERRA-2 inst3_3d_asm_Np: 3d,3-Hourly,Instantaneous,Pressure-Level,Assimilation,Assimilated Meteorological Fields",299,428,"M2I3NPASM, inst3_3d_asm_Np",acronym,
NASA,"MERRA-2 inst3_3d_asm_Np: 3d,3-Hourly,Instantaneous,Pressure-Level,Assimilation,Assimilated Meteorological Fields",299,429,inst3_3d_asm_Np,alias,
NASA,"MERRA-2 inst3_3d_asm_Np: 3d,3-Hourly,Instantaneous,Pressure-Level,Assimilation,Assimilated Meteorological Fields",299,430,M2I3NPASM,alias,
NASA,"MERRA-2 inst3_3d_asm_Np: 3d,3-Hourly,Instantaneous,Pressure-Level,Assimilation,Assimilated Meteorological Fields",299,499,10.5067/QBZ6MG944HW0,doi,
NASA,OMI/Aura NO2 Cloud-Screened Total and Tropospheric Column L3 Global Gridded 0.25 degree x 0.25 degree,300,300,OMI/Aura NO2 Cloud-Screened Total and Tropospheric Column L3 Global Gridded 0.25 degree x 0.25 degree,main,
NASA,OMI/Aura NO2 Cloud-Screened Total and Tropospheric Column L3 Global Gridded 0.25 degree x 0.25 degree,300,431,Aura/OMI NO2 Level 3 0.25 deg x 0.25 deg,alias,
NASA,OMI/Aura NO2 Cloud-Screened Total and Tropospheric Column L3 Global Gridded 0.25 degree x 0.25 degree,300,432,OMI/Aura NO2 L3 Daily,alias,
NASA,OMI/Aura NO2 Cloud-Screened Total and Tropospheric Column L3 Global Gridded 0.25 degree x 0.25 degree,300,433,OMI/Aura NO2 Daily L3,alias,
NASA,OMI/Aura NO2 Cloud-Screened Total and Tropospheric Column L3 Global Gridded 0.25 degree x 0.25 degree,300,434,OMI/Aura Nitrogen Dioxide L3 0.25 x 0.25,alias,
NASA,OMI/Aura NO2 Cloud-Screened Total and Tropospheric Column L3 Global Gridded 0.25 degree x 0.25 degree,300,435,OMI/Aura Nitrogen Dioxide L3 0.25 degree x 0.25 degree,alias,
NASA,OMI/Aura NO2 Cloud-Screened Total and Tropospheric Column L3 Global Gridded 0.25 degree x 0.25 degree,300,436,Aura/OMI NO2 L3 0.25 degree x 0.25 degree,alias,
NASA,OMI/Aura NO2 Cloud-Screened Total and Tropospheric Column L3 Global Gridded 0.25 degree x 0.25 degree,300,437,Aura/OMI NO2 Cloud-Screened Total and Tropospheric Column L3 Global Gridded 0.25 x 0.25,alias,
NASA,OMI/Aura NO2 Cloud-Screened Total and Tropospheric Column L3 Global Gridded 0.25 degree x 0.25 degree,300,438,OMI/Aura NO2 L3 0.25 deg x 0.25 deg,alias,
NASA,OMI/Aura NO2 Cloud-Screened Total and Tropospheric Column L3 Global Gridded 0.25 degree x 0.25 degree,300,439,OMI/Aura NO2 Level 3 0.25 deg x 0.25 deg,alias,
NASA,OMI/Aura NO2 Cloud-Screened Total and Tropospheric Column L3 Global Gridded 0.25 degree x 0.25 degree,300,440,OMI/Aura Nitrogen Dioxide Level 3 0.25 degree x 0.25 degree,alias,
NASA,OMI/Aura NO2 Cloud-Screened Total and Tropospheric Column L3 Global Gridded 0.25 degree x 0.25 degree,300,441,Aura/OMI NO2 Level 3 0.25 x 0.25,alias,
NASA,OMI/Aura NO2 Cloud-Screened Total and Tropospheric Column L3 Global Gridded 0.25 degree x 0.25 degree,300,442,OMI/Aura Nitrogen Dioxide Level 3 0.25 x 0.25,alias,
NASA,OMI/Aura NO2 Cloud-Screened Total and Tropospheric Column L3 Global Gridded 0.25 degree x 0.25 degree,300,443,OMI/Aura Nitrogen Dioxide Level 3 Daily,alias,
NASA,OMI/Aura NO2 Cloud-Screened Total and Tropospheric Column L3 Global Gridded 0.25 degree x 0.25 degree,300,444,Aura/OMI NO2 Level 3 Daily,alias,
NASA,OMI/Aura NO2 Cloud-Screened Total and Tropospheric Column L3 Global Gridded 0.25 degree x 0.25 degree,300,445,Aura/OMI NO2 Daily Level 3 ,alias,
NASA,OMI/Aura NO2 Cloud-Screened Total and Tropospheric Column L3 Global Gridded 0.25 degree x 0.25 degree,300,446,OMI/Aura NO2 Cloud-Screened Total and Tropospheric Column L3 Global Gridded 0.25 deg x 0.25 deg,alias,
NASA,OMI/Aura NO2 Cloud-Screened Total and Tropospheric Column L3 Global Gridded 0.25 degree x 0.25 degree,300,447,OMI/Aura NO2 Cloud-Screened Total and Tropospheric Column L3 Global Gridded 0.25 x 0.25,alias,
NASA,OMI/Aura NO2 Cloud-Screened Total and Tropospheric Column L3 Global Gridded 0.25 degree x 0.25 degree,300,448,Aura/OMI NO2 Cloud-Screened Total and Tropospheric Column L3 Global Gridded 0.25 deg x 0.25 deg,alias,
NASA,OMI/Aura NO2 Cloud-Screened Total and Tropospheric Column L3 Global Gridded 0.25 degree x 0.25 degree,300,449,OMI/Aura NO2 Level 3 0.25 degree x 0.25 degree,alias,
NASA,OMI/Aura NO2 Cloud-Screened Total and Tropospheric Column L3 Global Gridded 0.25 degree x 0.25 degree,300,450,OMI/Aura Nitrogen Dioxide Daily L3 ,alias,
NASA,OMI/Aura NO2 Cloud-Screened Total and Tropospheric Column L3 Global Gridded 0.25 degree x 0.25 degree,300,451,OMI/Aura NO2 L3 0.25 degree x 0.25 degree,alias,
NASA,OMI/Aura NO2 Cloud-Screened Total and Tropospheric Column L3 Global Gridded 0.25 degree x 0.25 degree,300,452,Aura/OMI NO2 Cloud-Screened Total and Tropospheric Column L3 Global Gridded 0.25 degree x 0.25 degree,alias,
NASA,OMI/Aura NO2 Cloud-Screened Total and Tropospheric Column L3 Global Gridded 0.25 degree x 0.25 degree,300,453,OMNO2d,acronym,
NASA,OMI/Aura NO2 Cloud-Screened Total and Tropospheric Column L3 Global Gridded 0.25 degree x 0.25 degree,300,454,OMI/Aura Nitrogen Dioxide Daily Level 3 ,alias,
NASA,OMI/Aura NO2 Cloud-Screened Total and Tropospheric Column L3 Global Gridded 0.25 degree x 0.25 degree,300,455,OMI/Aura Nitrogen Dioxide L3 Daily,alias,
NASA,OMI/Aura NO2 Cloud-Screened Total and Tropospheric Column L3 Global Gridded 0.25 degree x 0.25 degree,300,456,OMI/Aura NO2 L3 0.25 x 0.25,alias,
NASA,OMI/Aura NO2 Cloud-Screened Total and Tropospheric Column L3 Global Gridded 0.25 degree x 0.25 degree,300,457,OMI/Aura Nitrogen Dioxide Level 3 0.25 deg x 0.25 deg,alias,
NASA,OMI/Aura NO2 Cloud-Screened Total and Tropospheric Column L3 Global Gridded 0.25 degree x 0.25 degree,300,458,OMI/Aura NO2 Daily Level 3 ,alias,
NASA,OMI/Aura NO2 Cloud-Screened Total and Tropospheric Column L3 Global Gridded 0.25 degree x 0.25 degree,300,459,OMI/Aura NO2 Level 3 Daily,alias,
NASA,OMI/Aura NO2 Cloud-Screened Total and Tropospheric Column L3 Global Gridded 0.25 degree x 0.25 degree,300,460,OMI/Aura NO2 Level 3 0.25 x 0.25,alias,
NASA,OMI/Aura NO2 Cloud-Screened Total and Tropospheric Column L3 Global Gridded 0.25 degree x 0.25 degree,300,461,Aura/OMI NO2 L3 0.25 x 0.25,alias,
NASA,OMI/Aura NO2 Cloud-Screened Total and Tropospheric Column L3 Global Gridded 0.25 degree x 0.25 degree,300,462,Aura/OMI NO2 Level 3 0.25 degree x 0.25 degree,alias,
NASA,OMI/Aura NO2 Cloud-Screened Total and Tropospheric Column L3 Global Gridded 0.25 degree x 0.25 degree,300,463,Aura/OMI NO2 L3 0.25 deg x 0.25 deg,alias,
NASA,OMI/Aura NO2 Cloud-Screened Total and Tropospheric Column L3 Global Gridded 0.25 degree x 0.25 degree,300,464,Aura/OMI NO2 L3 Daily,alias,
NASA,OMI/Aura NO2 Cloud-Screened Total and Tropospheric Column L3 Global Gridded 0.25 degree x 0.25 degree,300,465,Aura/OMI NO2 Daily L3 ,alias,
NASA,OMI/Aura NO2 Cloud-Screened Total and Tropospheric Column L3 Global Gridded 0.25 degree x 0.25 degree,300,466,OMI/Aura Nitrogen Dioxide L3 0.25 deg x 0.25 deg,alias,
NASA,OMI/Aura NO2 Cloud-Screened Total and Tropospheric Column L3 Global Gridded 0.25 degree x 0.25 degree,300,500,10.5067/Aura/OMI/DATA3007,doi,
NASA,MLS/Aura Level 2 Ozone (O3) Mixing Ratio,301,301,MLS/Aura Level 2 Ozone (O3) Mixing Ratio,main,
NASA,MLS/Aura Level 2 Ozone (O3) Mixing Ratio,301,467,Aura/MLS Ozone Level 2 ,alias,
NASA,MLS/Aura Level 2 Ozone (O3) Mixing Ratio,301,468,Aura/MLS L2 Ozone,alias,
NASA,MLS/Aura Level 2 Ozone (O3) Mixing Ratio,301,469,MLS/Aura Ozone L2 ,alias,
NASA,MLS/Aura Level 2 Ozone (O3) Mixing Ratio,301,470,MLS/Aura L2 Ozone,alias,
NASA,MLS/Aura Level 2 Ozone (O3) Mixing Ratio,301,471,Aura/MLS Level 2 Ozone,alias,
NASA,MLS/Aura Level 2 Ozone (O3) Mixing Ratio,301,472,MLS/Aura Ozone Level 2 ,alias,
NASA,MLS/Aura Level 2 Ozone (O3) Mixing Ratio,301,473,MLS/Aura Level 2 Ozone,alias,
NASA,MLS/Aura Level 2 Ozone (O3) Mixing Ratio,301,474,ML2O3,acronym,
NASA,MLS/Aura Level 2 Ozone (O3) Mixing Ratio,301,475,Aura/MLS Ozone L2 ,alias,
NASA,MLS/Aura Level 2 Ozone (O3) Mixing Ratio,301,501,10.5067/AURA/MLS/DATA2017,doi,
NASA,MLS/Aura Level 2 Ozone (O3) Mixing Ratio,301,502,10.5067/Aura/MLS/DATA2516,doi,
NCES,National Education Longitudinal Study,1,1,National Education Longitudinal Study,main,
NCES,Beginning Postsecondary Student,13,13,Beginning Postsecondary Student,main,
NCES,Beginning Postsecondary Student,13,29,Beginning Postsecondary Students Longitudinal Study,alias,
NCES,Beginning Postsecondary Student,13,47,Beginning Postsecondary Students,alias,
NCES,Baccalaureate and Beyond,19,19,Baccalaureate and Beyond,main,
NCES,Baccalaureate and Beyond,19,45,Baccalaureate and Beyond Longitudinal Study,alias,
NCES,National Teacher and Principal Survey,22,22,National Teacher and Principal Survey,main,
NCES,School Survey on Crime and Safety,26,26,School Survey on Crime and Safety,main,
NCES,Program for the International Assessment of Adult Competencies,31,31,Program for the International Assessment of Adult Competencies,main,
NCES,Early Childhood Longitudinal Study,34,34,Early Childhood Longitudinal Study,main,
NCES,Trends in International Mathematics and Science Study,37,37,Trends in International Mathematics and Science Study,main,
NCES,Education Longitudinal Study,41,41,Education Longitudinal Study,main,
NCES,National Assessment of Education Progress,51,51,National Assessment of Education Progress,main,
NCES,High School Longitudinal Study,53,53,High School Longitudinal Study,main,
NCES,Common Core of Data,63,17,National Center for Education Statistics Common Core of Data,alias,
NCES,Common Core of Data,63,30,NCES Common Core of Data,alias,
NCES,Common Core of Data,63,63,Common Core of Data,main,
NCES,Private School Universe Survey,143,143,Private School Universe Survey,main,
NCES,Beginning Teacher Longitudinal Study,144,144,Beginning Teacher Longitudinal Study,main,
NCES,Schools and Staffing Survey,145,145,Schools and Staffing Survey,main,
NCES,Program for International Student Assessment,146,146,Program for International Student Assessment,main,
NCES,National Postsecondary Student Aid Study,147,147,National Postsecondary Student Aid Study,main,
NCES,Teaching and Learning International Survey,148,148,Teaching and Learning International Survey,main,
NIAID,Multicenter AIDS Cohort Study (MACS),184,184,Multicenter AIDS Cohort Study (MACS),main,
NIAID,Multicenter AIDS Cohort Study (MACS),184,267,MACS Public Data Set,alias,
NIAID,Multicenter AIDS Cohort Study (MACS),184,268,MACS Public DataSet,alias,
NIAID,Multicenter AIDS Cohort Study (MACS),184,269,MACS Public Data,alias,
NIAID,Multicenter AIDS Cohort Study (MACS),184,270,MACS Data,alias,
NIAID,Multicenter AIDS Cohort Study (MACS),184,271,Multicenter AIDS Cohort Study,alias,
NIAID,North American Cohort Collaboration on Research and Design (NA-ACCORD),185,185,North American Cohort Collaboration on Research and Design (NA-ACCORD),main,
NIAID,North American Cohort Collaboration on Research and Design (NA-ACCORD),185,272,North American Cohort Collaboration on Research and Design,alias,
NIAID,North American Cohort Collaboration on Research and Design (NA-ACCORD),185,273,NA-ACCORD data,alias,
NIAID,North American Cohort Collaboration on Research and Design (NA-ACCORD),185,274,NA-ACCORD study,alias,
NIAID,Women's Interagency HIV Study (WIHS),186,186,Women's Interagency HIV Study (WIHS),main,
NIAID,Women's Interagency HIV Study (WIHS),186,275,WomenÃ¢â¬â¢s Interagency HIV Study,alias,
NIAID,Women's Interagency HIV Study (WIHS),186,276,Women's Interagency HIV Study,alias,
NIAID,Women's Interagency HIV Study (WIHS),186,277,Women Interagency HIV Study,alias,
NIAID,Women's Interagency HIV Study (WIHS),186,278,Womens Interagency HIV Study,alias,
NIH,Aging Integrated Database (AGID),5,5,Aging Integrated Database (AGID),main,
NIH,Aging Integrated Database (AGID),5,7,Aging Integrated Database,alias,
NIH,Baltimore Longitudinal Study of Aging (BLSA),10,10,Baltimore Longitudinal Study of Aging (BLSA),main,
NIH,Baltimore Longitudinal Study of Aging (BLSA),10,33,Baltimore Longitudinal Study of Aging,alias,
NIH,The National Institute on Aging Genetics of Alzheimer's Disease Data Storage Site (NIAGADS),27,16,The National Institute on Aging Genetics of Alzheimer's Disease Data Storage Site,alias,
NIH,The National Institute on Aging Genetics of Alzheimer's Disease Data Storage Site (NIAGADS),27,27,The National Institute on Aging Genetics of Alzheimer's Disease Data Storage Site (NIAGADS),main,
NIH,Alzheimer's Disease Neuroimaging Initiative (ADNI),44,6,Alzheimers Disease Neuroimaging Initiative,alias,
NIH,Alzheimer's Disease Neuroimaging Initiative (ADNI),44,35,ADNI,acronym,
NIH,Alzheimer's Disease Neuroimaging Initiative (ADNI),44,44,Alzheimer's Disease Neuroimaging Initiative (ADNI),main,
NIH,COVID-19 Open Research Dataset (CORD-19),93,93,COVID-19 Open Research Dataset (CORD-19),main,
NIH,COVID-19 Open Research Dataset (CORD-19),93,94,COVID-19 Open Research Dataset,alias,
NIH,COVID-19 Open Research Dataset (CORD-19),93,95,COVID Open Research Dataset,alias,
NIH,COVID-19 Open Research Dataset (CORD-19),93,96,COVID-19 Open Research Data,alias,
NIH,Complexity Science Hub COVID-19 Control Strategies List (CCCSL),97,97,Complexity Science Hub COVID-19 Control Strategies List (CCCSL),main,
NIH,Complexity Science Hub COVID-19 Control Strategies List (CCCSL),97,98,Complexity Science Hub COVID-19 Control Strategies List,alias,
NIH,Complexity Science Hub COVID-19 Control Strategies List (CCCSL),97,99,CCCSL,acronym,
NIH,Our World in Data COVID-19 dataset,100,100,Our World in Data COVID-19 dataset,main,
NIH,Our World in Data COVID-19 dataset,100,101,Our World in Data COVID-19,alias,
NIH,Our World in Data COVID-19 dataset,100,102,Our World in Data,alias,
NIH,"Characterizing Health Associated Risks, and Your Baseline Disease In SARS-COV-2 (CHARYBDIS)",104,104,"Characterizing Health Associated Risks, and Your Baseline Disease In SARS-COV-2 (CHARYBDIS)",main,
NIH,"Characterizing Health Associated Risks, and Your Baseline Disease In SARS-COV-2 (CHARYBDIS)",104,105,"Characterizing Health Associated Risks, and Your Baseline Disease In SARS-COV-2",alias,
NIH,SARS-CoV-2 genome sequence,107,107,SARS-CoV-2 genome sequence,main,
NIH,SARS-CoV-2 genome sequence,107,108,SARS-CoV-2 genome sequences,alias,
NIH,SARS-CoV-2 genome sequence,107,109,COVID-19 genome sequence,alias,
NIH,SARS-CoV-2 genome sequence,107,110,COVID-19 genome sequences,alias,
NIH,SARS-CoV-2 genome sequence,107,111,2019-nCoV genome sequence,alias,
NIH,SARS-CoV-2 genome sequence,107,112,2019-nCoV genome sequences,alias,
NIH,SARS-CoV-2 genome sequence,107,113,SARS-CoV-2 full genome sequence,alias,
NIH,SARS-CoV-2 genome sequence,107,114,SARS-CoV-2 full genome sequences,alias,
NIH,SARS-CoV-2 genome sequence,107,115,SARS-CoV-2 complete genome sequence,alias,
NIH,SARS-CoV-2 genome sequence,107,116,SARS-CoV-2 complete genome sequences,alias,
NIH,SARS-CoV-2 genome sequence,107,117,2019-nCoV complete genome sequences,alias,
NIH,SARS-CoV-2 genome sequence,107,118,genome sequences of SARS-CoV-2,alias,
NIH,SARS-CoV-2 genome sequence,107,119,genome sequence of SARS-CoV-2,alias,
NIH,SARS-CoV-2 genome sequence,107,120,genome sequence of COVID-19,alias,
NIH,SARS-CoV-2 genome sequence,107,121,genome sequences of COVID-19,alias,
NIH,SARS-CoV-2 genome sequence,107,122,genome sequence of 2019-nCoV,alias,
NIH,SARS-CoV-2 genome sequence,107,123,genome sequences of 2019-nCoV,alias,
NIH,COVID-19 Image Data Collection,124,124,COVID-19 Image Data Collection,main,
NIH,RSNA International COVID-19 Open Radiology Database (RICORD),125,125,RSNA International COVID-19 Open Radiology Database (RICORD),main,
NIH,RSNA International COVID-19 Open Radiology Database (RICORD),125,126,RSNA International COVID-19 Open Radiology Database,alias,
NIH,RSNA International COVID-19 Open Radiology Database (RICORD),125,127,RSNA International COVID Open Radiology Database,alias,
NIH,CAS COVID-19 antiviral candidate compounds dataset,128,128,CAS COVID-19 antiviral candidate compounds dataset,main,
NIH,CAS COVID-19 antiviral candidate compounds dataset,128,129,CAS COVID-19 antiviral candidate compounds data set,alias,
NIH,CAS COVID-19 antiviral candidate compounds dataset,128,130,CAS COVID-19 antiviral candidate compounds data,alias,
NIH,COVID-19 Precision Medicine Analytics Platform Registry (JH-CROWN),132,103,JH-CROWN registry,alias,
NIH,COVID-19 Precision Medicine Analytics Platform Registry (JH-CROWN),132,132,COVID-19 Precision Medicine Analytics Platform Registry (JH-CROWN),main,
NIH,COVID-19 Deaths data,133,106,COVID-19 Death data,alias,
NIH,COVID-19 Deaths data,133,133,COVID-19 Deaths data,main,
NIH,Database of Genotypes and Phenotypes (dbGaP),149,149,Database of Genotypes and Phenotypes (dbGaP),main,
NIH,Database of Genotypes and Phenotypes (dbGaP),149,191,dbGaP,acronym,
NIH,Database of Genotypes and Phenotypes (dbGaP),149,192,Database of Genotypes and Phenotypes,alias,
NIH,National Health and Aging Trends Study (NHATS),150,150,National Health and Aging Trends Study (NHATS),main,
NIH,National Health and Aging Trends Study (NHATS),150,235,National Health and Aging Trends Study,alias,
NIH,Response2covid19,173,173,Response2covid19,main,
NOAA,NOAA Tide Gauge,15,2,NOAA tidal station,alias,
NOAA,NOAA Tide Gauge,15,8,NOAA National Water Level Observation Network,alias,
NOAA,NOAA Tide Gauge,15,9,NOAA water level station,alias,
NOAA,NOAA Tide Gauge,15,11,National Water Level Observation Network,alias,
NOAA,NOAA Tide Gauge,15,15,NOAA Tide Gauge,main,
NOAA,NOAA Tide Gauge,15,40,NOAA tide station,alias,
NOAA,International Best Track Archive for Climate Stewardship,23,20,NOAA International Best Track Archive for Climate Stewardship,alias,
NOAA,International Best Track Archive for Climate Stewardship,23,23,International Best Track Archive for Climate Stewardship,main,
NOAA,International Best Track Archive for Climate Stewardship,23,48,IBTrACS,acronym,
NOAA,Optimum Interpolation Sea Surface Temperature,42,42,Optimum Interpolation Sea Surface Temperature,main,
NOAA,Optimum Interpolation Sea Surface Temperature,42,43,National Oceanic and Atmospheric Administration Optimum Interpolation Sea Surface Temperature,alias,
NOAA,Optimum Interpolation Sea Surface Temperature,42,52,Sea Surface Temperature - Optimum Interpolation,alias,
NOAA,Optimum Interpolation Sea Surface Temperature,42,61,NOAA Optimum Interpolation Sea Surface Temperature,alias,
NOAA,Coastal Change Analysis Program,49,4,NOAA C-CAP,alias,
NOAA,Coastal Change Analysis Program,49,38,National Oceanic and Atmospheric Administration C-CAP,alias,
NOAA,Coastal Change Analysis Program,49,49,Coastal Change Analysis Program,main,
NOAA,Coastal Change Analysis Program,49,57,Coastal Change Analysis Program land cover,alias,
NOAA,World Ocean Database,59,28,National Oceanic and Atmospheric Administration World Ocean Database,alias,
NOAA,World Ocean Database,59,59,World Ocean Database,main,
NOAA,World Ocean Database,59,62,NOAA World Ocean Database,alias,
NOAA,"Sea, Lake, and Overland Surges from Hurricanes",131,3,SLOSH model,alias,
NOAA,"Sea, Lake, and Overland Surges from Hurricanes",131,14,"NOAA Sea, Lake, and Overland Surges from Hurricanes",alias,
NOAA,"Sea, Lake, and Overland Surges from Hurricanes",131,65,NOAA storm surge inundation,alias,
NOAA,"Sea, Lake, and Overland Surges from Hurricanes",131,66,National Weather Service (NWS) storm surge risk,alias,
NOAA,"Sea, Lake, and Overland Surges from Hurricanes",131,131,"Sea, Lake, and Overland Surges from Hurricanes",main,
NOAA,Marigram,134,134,Marigram,main,
NOAA,Marigram,134,187,Historic tide gauge data,alias,
NOAA,Marigram,134,188,Climate Database Modernization Program,alias,
NOAA,Deep-ocean Assessment and Reporting of Tsunamis,135,135,Deep-ocean Assessment and Reporting of Tsunamis,main,
NOAA,Deep-ocean Assessment and Reporting of Tsunamis,135,189,DART buoy,alias,
NOAA,Deep-ocean Assessment and Reporting of Tsunamis,135,190,DART gauge,alias,
NOAA,Sea Level Rise Viewer,136,136,Sea Level Rise Viewer,main,
NOAA,Sea Level Rise Viewer,136,193,NOAA Sea Level Rise Viewer,alias,
NOAA,Multibeam Bathymetry Database,137,137,Multibeam Bathymetry Database,main,
NOAA,Multibeam Bathymetry Database,137,206,NOAA hydrographic database,alias,
NOAA,Multibeam Bathymetry Database,137,207,NOAA bathymetry,alias,
NOAA,Multibeam Bathymetry Database,137,208,NOS bathymetry,alias,
NOAA,Continually Updated Shoreline Product,138,138,Continually Updated Shoreline Product,main,
NOAA,Continually Updated Shoreline Product,138,209,NOAA Continually Updated Shoreline Product,alias,
NOAA,Continually Updated Shoreline Product,138,210,NOAA Shoreline Data Explorer,alias,
NOAA,Continually Updated Shoreline Product,138,211,NOAA shoreline data,alias,
NOAA,Tsunami Forecast Models,139,139,Tsunami Forecast Models,main,
NOAA,Tsunami Forecast Models,139,212,Short-term Inundation Forecasting for Tsunamis,alias,
NOAA,NCTR Tsunami Event Database,140,140,NCTR Tsunami Event Database,main,
NOAA,NCTR Tsunami Event Database,140,213,Tsunami Event Database,alias,
NOAA,International Comprehensive Ocean-Atmosphere Data Set,141,141,International Comprehensive Ocean-Atmosphere Data Set,main,
NOAA,Economics: National Ocean Watch,142,142,Economics: National Ocean Watch,main,
NOAA,Economics: National Ocean Watch,142,223,NOAA Economics: National Ocean Watch,alias,
NSF,Survey of Earned Doctorates,32,25,National Science Foundation Survey of Earned Doctorates,alias,
NSF,Survey of Earned Doctorates,32,32,Survey of Earned Doctorates,main,
NSF,Survey of Earned Doctorates,32,39,NSF Survey of Earned Doctorates,alias,
NSF,Survey of Earned Doctorates,32,71,National Center for Science and Engineering Statistics Survey of Earned Doctorates,alias,
NSF,Survey of Graduate Students and Postdoctorates in Science and Engineering,50,36,National Science Foundation Survey of Graduate Students and Postdoctorates in Science and Engineering,alias,
NSF,Survey of Graduate Students and Postdoctorates in Science and Engineering,50,50,Survey of Graduate Students and Postdoctorates in Science and Engineering,main,
NSF,Survey of Graduate Students and Postdoctorates in Science and Engineering,50,54,NSF Survey of Graduate Students and Postdoctorates in Science and Engineering,alias,
NSF,Survey of Graduate Students and Postdoctorates in Science and Engineering,50,73,National Center for Science and Engineering Statistics Survey of Graduate Students and Postdoctorates in Science and Engineering,alias,
NSF,Survey of Graduate Students and Postdoctorates in Science and Engineering,50,82,NCSES Survey of Graduate Students and Postdoctorates in Science and Engineering,alias,
NSF,Survey of Doctorate Recipients,56,55,National Science Foundation Survey of Doctorate Recipients,alias,
NSF,Survey of Doctorate Recipients,56,56,Survey of Doctorate Recipients,main,
NSF,Survey of Doctorate Recipients,56,74,National Center for Science and Engineering Statistics Survey of Doctorate Recipients,alias,
NSF,Survey of Doctorate Recipients,56,81,NCSES Survey of Doctorate Recipients,alias,
NSF,Survey of Industrial Research and Development,58,18,National Science Foundation Survey of Industrial Research and Development,alias,
NSF,Survey of Industrial Research and Development,58,58,Survey of Industrial Research and Development,main,
NSF,Survey of Industrial Research and Development,58,68,NSF Survey of Industrial Research and Development,alias,
NSF,Survey of Industrial Research and Development,58,75,National Center for Science and Engineering Statistics Survey of Industrial Research and Development,alias,
NSF,Higher Education Research and Development Survey,64,24,NSF Higher Education Research and Development Survey,alias,
NSF,Higher Education Research and Development Survey,64,64,Higher Education Research and Development Survey,main,
NSF,Higher Education Research and Development Survey,64,70,National Science Foundation Higher Education Research and Development Survey,alias,
NSF,Higher Education Research and Development Survey,64,76,National Center for Science and Engineering Statistics Higher Education Research and Development Survey,alias,
NSF,Survey of Science and Engineering Research Facilities,67,67,Survey of Science and Engineering Research Facilities,main,
NSF,Survey of Science and Engineering Research Facilities,67,69,National Science Foundation Survey of Science and Engineering Research Facilities,alias,
NSF,Survey of Science and Engineering Research Facilities,67,72,National Center for Science and Engineering Statistics Survey of Science and Engineering Research Facilities,alias,
NSF,Survey of Science and Engineering Research Facilities,67,77,NSF Survey of Science and Engineering Research Facilities,alias,
NSF,FFRDC Research and Development Survey,78,78,FFRDC Research and Development Survey,main,
NSF,FFRDC Research and Development Survey,78,79,NSF FFRDC Research and Development Survey,alias,
NSF,Survey of State Government Research and Development,80,80,Survey of State Government Research and Development,main,
NSF,National Survey of Recent College Graduates,151,151,National Survey of Recent College Graduates,main,
NSF,National Survey of Recent College Graduates,151,194,National Science Foundation National Survey of Recent College Graduates,alias,
NSF,National Survey of Recent College Graduates,151,195,National Center for Science and Engineering Statistics National Survey of Recent College Graduates,alias,
NSF,National Survey of Recent College Graduates,151,196,NSF National Survey of Recent College Graduates,alias,
NSF,National Survey of College Graduates,152,152,National Survey of College Graduates,main,
NSF,National Survey of College Graduates,152,200,NSF National Survey of College Graduates,alias,
NSF,National Survey of College Graduates,152,201,National Center for Science and Engineering Statistics National Survey of College Graduates,alias,
NSF,National Survey of College Graduates,152,202,National Science Foundation National Survey of College Graduates,alias,
NSF,Business R&D and Innovation Survey,153,153,Business R&D and Innovation Survey,main,
NSF,Business R&D and Innovation Survey,153,203,National Science Foundation Business R&D and Innovation Survey,alias,
NSF,Business R&D and Innovation Survey,153,204,NSF Business R&D and Innovation Survey,alias,
NSF,Business R&D and Innovation Survey,153,205,National Center for Science and Engineering Statistics Business R&D and Innovation Survey,alias,
NSF,"Survey of Federal Science and Engineering Support to Universities, Colleges, and Nonprofit Institutions",154,154,"Survey of Federal Science and Engineering Support to Universities, Colleges, and Nonprofit Institutions",main,
NSF,"Survey of Federal Science and Engineering Support to Universities, Colleges, and Nonprofit Institutions",154,238,"National Science Foundation Survey of Federal Science and Engineering Support to Universities, Colleges, and Nonprofit Institutions",alias,
NSF,"Survey of Federal Science and Engineering Support to Universities, Colleges, and Nonprofit Institutions",154,239,"NSF Survey of Federal Science and Engineering Support to Universities, Colleges, and Nonprofit Institutions",alias,
NSF,Survey of Federal Funds for Research and Development,155,155,Survey of Federal Funds for Research and Development,main,
NSF,Survey of Federal Funds for Research and Development,155,240,NSF Survey of Federal Funds for Research and Development,alias,
NSF,Survey of Federal Funds for Research and Development,155,241,National Science Foundation Survey of Federal Funds for Research and Development,alias,
NSF,Survey of Federal Funds for Research and Development,155,242,National Center for Science and Engineering Statistics Survey of Federal Funds for Research and Development,alias,
USDA,Rural-Urban Continuum Codes,60,60,Rural-Urban Continuum Codes,main,
USDA,NASS Census of Agriculture,89,87,Census of Agriculture,alias,
USDA,NASS Census of Agriculture,89,88,USDA Census of Agriculture,alias,
USDA,NASS Census of Agriculture,89,89,NASS Census of Agriculture,main,
USDA,NASS Census of Agriculture,89,279,Agricultural Census,alias,
USDA,NASS Census of Agriculture,89,280,USDA Census,alias,
USDA,NASS Census of Agriculture,89,281,AG Census,alias,
USDA,Food Dollar Series,156,156,Food Dollar Series,main,
USDA,Food Dollar Series,156,197,Economic Research Service Food Dollar Series,alias,
USDA,Food Dollar Series,156,198,USDA Economic Research Service Food Dollar Series,alias,
USDA,Food Dollar Series,156,199,USDA ERS Food Dollar Series,alias,
USDA,U.S. Bioenergy Statistics,157,157,U.S. Bioenergy Statistics,main,
USDA,IRI Infoscan/Consumer Network,158,158,IRI Infoscan/Consumer Network,main,
USDA,IRI Infoscan/Consumer Network,158,214,IRI Infoscan,alias,
USDA,IRI Infoscan/Consumer Network,158,215,IRI Consumer Network,alias,
USDA,IRI Infoscan/Consumer Network,158,216,USDA IRI,alias,
USDA,Agricultural Productivity in the U.S.,159,159,Agricultural Productivity in the U.S.,main,
USDA,Agricultural Productivity in the U.S.,159,217,Agricultural Productivity in the US,alias,
USDA,Agricultural Productivity in the U.S.,159,218,USDA ERS Agricultural Productivity in the U.S.,alias,
USDA,Agricultural Productivity in the U.S.,159,219,USDA Economic Research Service Agricultural Productivity in the U.S.,alias,
USDA,Agricultural Productivity in the U.S.,159,220,Economic Research Service Agricultural Productivity in the U.S.,alias,
USDA,Meat Price Spreads,160,160,Meat Price Spreads,main,
USDA,Meat Price Spreads,160,221,USDA Meat Price Spreads,alias,
USDA,Meat Price Spreads,160,222,USDA ERS Meat Price Spreads,alias,
USDA,Food Availability (Per Capita) Data System,161,161,Food Availability (Per Capita) Data System,main,
USDA,International Food Security,162,162,International Food Security,main,
USDA,International Food Security,162,224,USDA International Food Security,alias,
USDA,International Food Security,162,225,Economic Research Service International Food Security,alias,
USDA,International Food Security,162,226,USDA Economic Research Service International Food Security,alias,
USDA,Food Expenditures Data,163,163,Food Expenditures Data,main,
USDA,Food Expenditures Data,163,227,USDA ERS Food Expenditures Data,alias,
USDA,Food Expenditures Data,163,228,ERS Food Expenditures,alias,
USDA,Food Expenditures Data,163,229,Food Expenditures Series,alias,
USDA,Food Expenditures Data,163,230,Food Expenditures Tables,alias,
USDA,Food Expenditures Data,163,231,Economic Research Service Food Expenditures Tables,alias,
USDA,FoodAPS National Household Food Acquisition and Purchase Survey,164,164,FoodAPS National Household Food Acquisition and Purchase Survey,main,
USDA,FoodAPS National Household Food Acquisition and Purchase Survey,164,233,FoodAPS,acronym,
USDA,FoodAPS National Household Food Acquisition and Purchase Survey,164,234,National Household Food Acquisition and Purchase Survey,alias,
USDA,International Agricultural Productivity,165,165,International Agricultural Productivity,main,
USDA,International Agricultural Productivity,165,236,USDA International Agricultural Productivity,alias,
USDA,International Agricultural Productivity,165,237,USDA ERS International Agricultural Productivity,alias,
USDA,Commodity Costs and Returns,166,166,Commodity Costs and Returns,main,
USDA,Commodity Costs and Returns,166,243,USDA Commodity Costs and Returns,alias,
USDA,Commodity Costs and Returns,166,244,USDA Economic Research Service Commodity Costs and Returns,alias,
USDA,Commodity Costs and Returns,166,245,Economic Research Service Commodity Costs and Returns,alias,
USDA,Commodity Costs and Returns,166,246,USDA ERS Commodity Costs and Returns,alias,
USDA,Agricultural Trade Multipliers,167,167,Agricultural Trade Multipliers,main,
USDA,Agricultural Trade Multipliers,167,247,USDA Agricultural Trade Multipliers,alias,
USDA,Food Price Outlook,168,168,Food Price Outlook,main,
USDA,Food Price Outlook,168,248,USDA Food Price Outlook,alias,
USDA,Food Price Outlook,168,249,Economic Research Service USDA Food Price Outlook,alias,
USDA,Irrigation Survey,169,169,Irrigation Survey,main,
USDA,Irrigation Survey,169,253,Farm and Ranch Irrigation Survey,alias,
USDA,June Area Survey,170,170,June Area Survey,main,
USDA,Agricultural Resource Management Survey (ARMS),282,12,ARMS Farm Financial and Crop Production Practices,alias,
USDA,Agricultural Resource Management Survey (ARMS),282,21,Agricultural Resource Management Survey,alias,
USDA,Agricultural Resource Management Survey (ARMS),282,46,Agricultural Resources Management Survey,alias,
USDA,Agricultural Resource Management Survey (ARMS),282,282,Agricultural Resource Management Survey (ARMS),main,
USDA,Agricultural Resource Management Survey (ARMS),282,283,Farm Financial and Crop Production Practices (ERS),alias,
USDA,Agricultural Resource Management Survey (ARMS),282,284,Farm Income and Financial Forecast (ERS),alias,
USDA,Agricultural Resource Management Survey (ARMS),282,285,Farm Household Income and Characteristics (ERS),alias,
USDA,Agricultural Resource Management Survey (ARMS),282,286,Farm Income and Wealth Statistics (ERS),alias,
USDA,Agricultural Resource Management Survey (ARMS),282,287,Farm Production Expenditures (NASS),alias,
USDA,Agricultural Resource Management Survey (ARMS),282,288,Agricultural Resource Management Study,alias,
USDA,Agricultural Resource Management Survey (ARMS),282,289,Agricultural Resources Management Study,alias,
USGS,Advanced National Seismic System (ANSS) Comprehensive Catalog (ComCat),85,83,ANSS Comprehensive Earthquake Catalog,alias,
USGS,Advanced National Seismic System (ANSS) Comprehensive Catalog (ComCat),85,84,ANSS Comprehensive Catalog,alias,
USGS,Advanced National Seismic System (ANSS) Comprehensive Catalog (ComCat),85,85,Advanced National Seismic System (ANSS) Comprehensive Catalog (ComCat),main,
USGS,Advanced National Seismic System (ANSS) Comprehensive Catalog (ComCat),85,86,Advanced National Seismic System Comprehensive Catalog,alias,
USGS,North American Breeding Bird Survey (BBS),91,90,North American Breeding Bird Survey,alias,
USGS,North American Breeding Bird Survey (BBS),91,91,North American Breeding Bird Survey (BBS),main,
USGS,North American Breeding Bird Survey (BBS),91,92,USGS North American Breeding Bird Survey,alias,
USGS,Biodiversity Information Serving Our Nation (BISON),174,174,Biodiversity Information Serving Our Nation (BISON),main,
USGS,Biodiversity Information Serving Our Nation (BISON),174,250,US Geological Survey BISON,alias,
USGS,Global Ecological Land Units (ELUs),175,175,Global Ecological Land Units (ELUs),main,
USGS,Global Ecological Land Units (ELUs),175,251,Global Ecological Land Units,alias,
USGS,Integrated Taxonomic Information System (ITIS),176,176,Integrated Taxonomic Information System (ITIS),main,
USGS,Integrated Taxonomic Information System (ITIS),176,252,itis.gov,url,
USGS,Nonindigenous Aquatic Species Database,177,177,Nonindigenous Aquatic Species Database,main,
USGS,Nonindigenous Aquatic Species Database,177,254,nas.er.usgs.gov,url,
USGS,Nonindigenous Aquatic Species Database,177,255,US Geological Survey Nonindigenous Aquatic Species Database,alias,
USGS,Nonindigenous Aquatic Species Database,177,256,U.S. Geological Survey Nonindigenous Aquatic Species Database,alias,
USGS,Nonindigenous Aquatic Species Database,177,257,USGS Nonindigenous Aquatic Species Database,alias,
USGS,Ocean Biodiversity Information System USA,178,178,Ocean Biodiversity Information System USA,main,
USGS,Ocean Biodiversity Information System USA,178,258,Ocean Biogeographic Information System,alias,
USGS,Protected Areas Database of the United States (PAD-US),179,179,Protected Areas Database of the United States (PAD-US),main,
USGS,Protected Areas Database of the United States (PAD-US),179,259,Protected Areas Database of the United States,alias,
USGS,Protected Areas Database of the United States (PAD-US),179,260,USGS Protected Areas Database of the United States,alias,
USGS,The National Map,180,180,The National Map,main,
USGS,The National Map,180,261,USGS The National Map,alias,
USGS,USA National Phenology Network (NPN) Observation Data,181,181,USA National Phenology Network (NPN) Observation Data,main,
USGS,USA National Phenology Network (NPN) Observation Data,181,262,USA National Phenology Network Database,alias,
USGS,USGS National Geologic Map Database Collection,182,182,USGS National Geologic Map Database Collection,main,
USGS,USGS National Geologic Map Database Collection,182,263,USGS National Geologic Map Database,alias,
USGS,USGS National Geologic Map Database Collection,182,264,U.S. Geological Survey National Geologic Map Database,alias,
USGS,USGS Water Data for the Nation,183,183,USGS Water Data for the Nation,main,
USGS,USGS Water Data for the Nation,183,265,Water Data for the Nation,alias,
USGS,USGS Water Data for the Nation,183,266,U.S. Geological Survey Water Data for the Nation,alias,
deutsche_bundesbank,AUSTA,1001,1001,AUSTA,main,Y
deutsche_bundesbank,AUSTA,1001,1002,Auslandsstatus der Banken,alias,N
deutsche_bundesbank,AUSTA,1001,1003,External position of banks,alias,Y
deutsche_bundesbank,BISTA,1004,1004,BISTA,main,Y
deutsche_bundesbank,BISTA,1004,1005,Monatliche Bilanzstatistik,alias,N
deutsche_bundesbank,BISTA,1004,1006,Monthly balance sheet statistics,alias,Y
deutsche_bundesbank,BLS,1007,1007,BLS,main,Y
deutsche_bundesbank,BLS,1007,1008,Umfrage zum Kreditgeschäft der Banken ,alias,N
deutsche_bundesbank,BLS,1005,1009,Bank lending survey for Germany,alias,N
deutsche_bundesbank,FLS,1010,1010,FLS,main,Y
deutsche_bundesbank,FLS,1010,1011,OECD/INFE Studie zur finanziellen Bildung von Erwachsenen in Deutschland,alias,N
deutsche_bundesbank,FLS,1010,1012,OECD Survey on Adult Financial Literacy,alias,N
deutsche_bundesbank,GUV,1013,1013,GUV,main,Y
deutsche_bundesbank,GUV,1013,1014,Gewinn- und Verlustrechnung der Banken,alias,N
deutsche_bundesbank,GUV,1013,1015,Banks' profit and loss accounts,alias,Y
deutsche_bundesbank,IFS-BASE,1016,1016,IFS-BASE,main,N
deutsche_bundesbank,IFS-BASE,1016,1017,Statistik über Investmentvermögen,alias,N
deutsche_bundesbank,IFS-BASE,1016,1018,Investment funds statistics,alias,Y
deutsche_bundesbank,MIDI,1019,1019,MIDI,main,Y
deutsche_bundesbank,MIDI,1019,1020,Mikrodatenbank Direktinvestitionen,alias,N
deutsche_bundesbank,MIDI,1019,1021,Microdatabase direct investment,alias,N
deutsche_bundesbank,PHF,1022,1022,PHF,main,Y
deutsche_bundesbank,PHF,1022,1023,Panel on household finances,alias,N
deutsche_bundesbank,SHS-BASE,1024,1024,SHS-BASE,main,N
deutsche_bundesbank,SHS-BASE,1024,1025,Statistik über Wertpapierinvestments,alias,N
deutsche_bundesbank,SHS-BASE,1024,1026,Securities holdings statistics,alias,N
deutsche_bundesbank,SITS,1027,1027,SITS,main,Y
deutsche_bundesbank,SITS,1027,1028,Statistik zum internationalen Dienstleistungshandel,alias,N
deutsche_bundesbank,SITS,1027,1029,Statistics on international trade in services,alias,N
deutsche_bundesbank,USTAN,1030,1030,USTAN,main,Y
deutsche_bundesbank,USTAN,1030,1031,Unternehmensbilanzen,alias,N
deutsche_bundesbank,USTAN,1030,1032,Corporate balance sheets,alias,Y
deutsche_bundesbank,ZISTA,1033,1033,ZISTA,main,Y
deutsche_bundesbank,ZISTA,1033,1034,Zinsstatistik,alias,N
deutsche_bundesbank,ZISTA,1033,1035,MFI Interest Rate Statistics (MIR),alias,N
deutsche_bundesbank,VJKRE,1036,1036,VJRKE,main,N
deutsche_bundesbank,VJKRE,1036,1037,Vierteljährliche Kreditnehmerstatistik,alias,N
deutsche_bundesbank,VJKRE,1036,1038,Quarterly borrowers statistics,alias,Y
deutsche_bundesbank,ZENTK,1039,1039,ZENTK,main,N
deutsche_bundesbank,ZENTK,1039,1040,Zentralkartei Banken,alias,N
deutsche_bundesbank,ZENTK,1039,1041,Selected master data for MFIs,alias,N
